DATAFLOW,REF_AREA,MEASURE,SEX,OBS_VALUE,DECIMALS,OBS_STATUS,UNIT_MEASURE,UNIT_MULT
OECD.WISE.INE:DSD_TIME_USE@DF_TIME_USE(1.0),AUS,LEI,F,269,0,D,MN_D,0
OECD.WISE.INE:DSD_TIME_USE@DF_TIME_USE(1.0),AUS,PCA,F,666,0,D,MN_D,0
OECD.WISE.INE:DSD_TIME_USE@DF_TIME_USE(1.0),AUS,UPW,F,311,0,D,MN_D,0
OECD.WISE.INE:DSD_TIME_USE@DF_TIME_USE(1.0),AUS,PAW,F,172,0,D,MN_D,0
OECD.WISE.INE:DSD_TIME_USE@DF_TIME_USE(1.0),AUS,OTH,M,18.0627177700348,0,D,MN_D,0
OECD.WISE.INE:DSD_TIME_USE@DF_TIME_USE(1.0),AUS,LEI,M,297.031358885017,0,D,MN_D,0
OECD.WISE.INE:DSD_TIME_USE@DF_TIME_USE(1.0),AUS,PCA,M,649.254355400697,0,D,MN_D,0
OECD.WISE.INE:DSD_TIME_USE@DF_TIME_USE(1.0),AUS,UPW,M,171.595818815331,0,D,MN_D,0
OECD.WISE.INE:DSD_TIME_USE@DF_TIME_USE(1.0),AUS,PAW,M,304.05574912892,0,D,MN_D,0
OECD.WISE.INE:DSD_TIME_USE@DF_TIME_USE(1.0),AUS,OTH,_T,20.0138985406532,0,A,MN_D,0
OECD.WISE.INE:DSD_TIME_USE@DF_TIME_USE(1.0),AUS,LEI,_T,281.195274496178,0,A,MN_D,0
OECD.WISE.INE:DSD_TIME_USE@DF_TIME_USE(1.0),AUS,PCA,_T,657.456567060459,0,A,MN_D,0
OECD.WISE.INE:DSD_TIME_USE@DF_TIME_USE(1.0),AUS,UPW,_T,243.168867268937,0,A,MN_D,0
OECD.WISE.INE:DSD_TIME_USE@DF_TIME_USE(1.0),AUS,PAW,_T,238.165392633774,0,A,MN_D,0
OECD.WISE.INE:DSD_TIME_USE@DF_TIME_USE(1.0),AUT,OTH,M,10.29041,0,A,MN_D,0
OECD.WISE.INE:DSD_TIME_USE@DF_TIME_USE(1.0),AUT,OTH,F,13.43353,0,A,MN_D,0
OECD.WISE.INE:DSD_TIME_USE@DF_TIME_USE(1.0),AUT,LEI,_T,306.87112,0,A,MN_D,0
OECD.WISE.INE:DSD_TIME_USE@DF_TIME_USE(1.0),AUT,LEI,M,321.9786,0,A,MN_D,0
OECD.WISE.INE:DSD_TIME_USE@DF_TIME_USE(1.0),AUT,LEI,F,291.65012,0,A,MN_D,0
OECD.WISE.INE:DSD_TIME_USE@DF_TIME_USE(1.0),AUT,PCA,_T,667.66179,0,A,MN_D,0
OECD.WISE.INE:DSD_TIME_USE@DF_TIME_USE(1.0),AUT,PCA,M,657.36157,0,A,MN_D,0
OECD.WISE.INE:DSD_TIME_USE@DF_TIME_USE(1.0),AUT,PCA,F,678.03942,0,A,MN_D,0
OECD.WISE.INE:DSD_TIME_USE@DF_TIME_USE(1.0),AUT,UPW,_T,187.97064,0,A,MN_D,0
OECD.WISE.INE:DSD_TIME_USE@DF_TIME_USE(1.0),AUT,UPW,M,138.51473,0,A,MN_D,0
OECD.WISE.INE:DSD_TIME_USE@DF_TIME_USE(1.0),AUT,UPW,F,237.79821,0,A,MN_D,0
OECD.WISE.INE:DSD_TIME_USE@DF_TIME_USE(1.0),AUT,PAW,_T,265.64036,0,A,MN_D,0
OECD.WISE.INE:DSD_TIME_USE@DF_TIME_USE(1.0),AUT,PAW,M,311.85469,0,A,MN_D,0
OECD.WISE.INE:DSD_TIME_USE@DF_TIME_USE(1.0),AUT,PAW,F,219.07872,0,A,MN_D,0
OECD.WISE.INE:DSD_TIME_USE@DF_TIME_USE(1.0),BEL,LEI,_T,339.350143735728,0,A,MN_D,0
OECD.WISE.INE:DSD_TIME_USE@DF_TIME_USE(1.0),BEL,PCA,_T,664.046350849856,0,A,MN_D,0
OECD.WISE.INE:DSD_TIME_USE@DF_TIME_USE(1.0),BEL,UPW,_T,191.820156132893,0,A,MN_D,0
OECD.WISE.INE:DSD_TIME_USE@DF_TIME_USE(1.0),BEL,OTH,F,9.03426738223147,0,A,MN_D,0
OECD.WISE.INE:DSD_TIME_USE@DF_TIME_USE(1.0),BEL,LEI,F,316.706652420455,0,A,MN_D,0
OECD.WISE.INE:DSD_TIME_USE@DF_TIME_USE(1.0),BEL,PCA,F,677.39721737857,0,A,MN_D,0
OECD.WISE.INE:DSD_TIME_USE@DF_TIME_USE(1.0),BEL,UPW,F,237.322972016499,0,A,MN_D,0
OECD.WISE.INE:DSD_TIME_USE@DF_TIME_USE(1.0),BEL,PAW,F,199.232497362733,0,A,MN_D,0
OECD.WISE.INE:DSD_TIME_USE@DF_TIME_USE(1.0),BEL,PAW,_T,235.75362369589,0,D,MN_D,0
OECD.WISE.INE:DSD_TIME_USE@DF_TIME_USE(1.0),BEL,OTH,M,8.49297181254282,0,A,MN_D,0
OECD.WISE.INE:DSD_TIME_USE@DF_TIME_USE(1.0),BEL,LEI,M,365.173129943823,0,A,MN_D,0
OECD.WISE.INE:DSD_TIME_USE@DF_TIME_USE(1.0),BEL,PCA,M,648.457437883643,0,A,MN_D,0
OECD.WISE.INE:DSD_TIME_USE@DF_TIME_USE(1.0),BEL,UPW,M,144.172378478972,0,A,MN_D,0
OECD.WISE.INE:DSD_TIME_USE@DF_TIME_USE(1.0),BEL,PAW,M,273.704081881019,0,A,MN_D,0
OECD.WISE.INE:DSD_TIME_USE@DF_TIME_USE(1.0),CAN,OTH,M,31.7075201869011,0,D,MN_D,0
OECD.WISE.INE:DSD_TIME_USE@DF_TIME_USE(1.0),CAN,LEI,M,225.542171895504,0,A,MN_D,0
OECD.WISE.INE:DSD_TIME_USE@DF_TIME_USE(1.0),CAN,PCA,M,647.910270988941,0,A,MN_D,0
OECD.WISE.INE:DSD_TIME_USE@DF_TIME_USE(1.0),CAN,UPW,M,163.9218968153,0,A,MN_D,0
OECD.WISE.INE:DSD_TIME_USE@DF_TIME_USE(1.0),CAN,PAW,M,370.918160676956,0,A,MN_D,0
OECD.WISE.INE:DSD_TIME_USE@DF_TIME_USE(1.0),CAN,LEI,_T,211.271826052666,0,A,MN_D,0
OECD.WISE.INE:DSD_TIME_USE@DF_TIME_USE(1.0),CAN,PCA,_T,655.960117149353,0,A,MN_D,0
OECD.WISE.INE:DSD_TIME_USE@DF_TIME_USE(1.0),CAN,UPW,_T,205.286788487434,0,A,MN_D,0
OECD.WISE.INE:DSD_TIME_USE@DF_TIME_USE(1.0),CAN,PAW,_T,336.957614922523,0,A,MN_D,0
OECD.WISE.INE:DSD_TIME_USE@DF_TIME_USE(1.0),CAN,OTH,F,29.3266840696335,0,A,MN_D,0
OECD.WISE.INE:DSD_TIME_USE@DF_TIME_USE(1.0),CAN,LEI,F,196.907735896111,0,A,MN_D,0
OECD.WISE.INE:DSD_TIME_USE@DF_TIME_USE(1.0),CAN,PCA,F,663.740665984154,0,A,MN_D,0
OECD.WISE.INE:DSD_TIME_USE@DF_TIME_USE(1.0),CAN,UPW,F,247.182051444054,0,A,MN_D,0
OECD.WISE.INE:DSD_TIME_USE@DF_TIME_USE(1.0),CAN,PAW,F,302.842900800705,0,A,MN_D,0
OECD.WISE.INE:DSD_TIME_USE@DF_TIME_USE(1.0),DNK,OTH,M,11.2140576221717,0,A,MN_D,0
OECD.WISE.INE:DSD_TIME_USE@DF_TIME_USE(1.0),DNK,LEI,M,339.542605681607,0,A,MN_D,0
OECD.WISE.INE:DSD_TIME_USE@DF_TIME_USE(1.0),DNK,PCA,M,643.039503916384,0,A,MN_D,0
OECD.WISE.INE:DSD_TIME_USE@DF_TIME_USE(1.0),DNK,UPW,M,186.136081859719,0,A,MN_D,0
OECD.WISE.INE:DSD_TIME_USE@DF_TIME_USE(1.0),DNK,PAW,M,260.067750920119,0,A,MN_D,0
OECD.WISE.INE:DSD_TIME_USE@DF_TIME_USE(1.0),DNK,OTH,_T,10.3519569387025,0,A,MN_D,0
OECD.WISE.INE:DSD_TIME_USE@DF_TIME_USE(1.0),DNK,LEI,_T,328.844813086877,0,A,MN_D,0
OECD.WISE.INE:DSD_TIME_USE@DF_TIME_USE(1.0),DNK,PCA,_T,659.359294963398,0,A,MN_D,0
OECD.WISE.INE:DSD_TIME_USE@DF_TIME_USE(1.0),DNK,PAW,_T,224.816593619938,0,A,MN_D,0
OECD.WISE.INE:DSD_TIME_USE@DF_TIME_USE(1.0),DNK,OTH,F,9.61420494377903,0,A,MN_D,0
OECD.WISE.INE:DSD_TIME_USE@DF_TIME_USE(1.0),DNK,LEI,F,319.612544451975,0,A,MN_D,0
OECD.WISE.INE:DSD_TIME_USE@DF_TIME_USE(1.0),DNK,PCA,F,673.378544051551,0,A,MN_D,0
OECD.WISE.INE:DSD_TIME_USE@DF_TIME_USE(1.0),DNK,UPW,F,242.808720907722,0,A,MN_D,0
OECD.WISE.INE:DSD_TIME_USE@DF_TIME_USE(1.0),DNK,PAW,F,194.585985644973,0,A,MN_D,0
OECD.WISE.INE:DSD_TIME_USE@DF_TIME_USE(1.0),EST,OTH,M,17.5000376944963,0,A,MN_D,0
OECD.WISE.INE:DSD_TIME_USE@DF_TIME_USE(1.0),EST,LEI,M,324.78124626106,0,A,MN_D,0
OECD.WISE.INE:DSD_TIME_USE@DF_TIME_USE(1.0),EST,PCA,M,650.692295842542,0,A,MN_D,0
OECD.WISE.INE:DSD_TIME_USE@DF_TIME_USE(1.0),EST,UPW,M,139.187715531909,0,A,MN_D,0
OECD.WISE.INE:DSD_TIME_USE@DF_TIME_USE(1.0),EST,PAW,M,307.838805529711,0,A,MN_D,0
OECD.WISE.INE:DSD_TIME_USE@DF_TIME_USE(1.0),EST,OTH,_T,18.3018223129704,0,A,MN_D,0
OECD.WISE.INE:DSD_TIME_USE@DF_TIME_USE(1.0),EST,LEI,_T,301.154043831466,0,A,MN_D,0
OECD.WISE.INE:DSD_TIME_USE@DF_TIME_USE(1.0),EST,PCA,_T,653.821360150578,0,A,MN_D,0
OECD.WISE.INE:DSD_TIME_USE@DF_TIME_USE(1.0),EST,UPW,_T,173.660976027159,0,A,MN_D,0
OECD.WISE.INE:DSD_TIME_USE@DF_TIME_USE(1.0),EST,OTH,F,19.0606822878249,0,A,MN_D,0
OECD.WISE.INE:DSD_TIME_USE@DF_TIME_USE(1.0),EST,LEI,F,277.308677528336,0,A,MN_D,0
OECD.WISE.INE:DSD_TIME_USE@DF_TIME_USE(1.0),EST,PCA,F,656.283679845747,0,A,MN_D,0
OECD.WISE.INE:DSD_TIME_USE@DF_TIME_USE(1.0),EST,UPW,F,209.36915508837,0,A,MN_D,0
OECD.WISE.INE:DSD_TIME_USE@DF_TIME_USE(1.0),EST,PAW,F,277.977763660019,0,A,MN_D,0
OECD.WISE.INE:DSD_TIME_USE@DF_TIME_USE(1.0),FIN,LEI,M,350.287681461297,0,A,MN_D,0
OECD.WISE.INE:DSD_TIME_USE@DF_TIME_USE(1.0),FIN,PCA,M,628.108680047168,0,A,MN_D,0
OECD.WISE.INE:DSD_TIME_USE@DF_TIME_USE(1.0),FIN,UPW,M,161.987690264496,0,A,MN_D,0
OECD.WISE.INE:DSD_TIME_USE@DF_TIME_USE(1.0),FIN,PAW,M,257.162925567918,0,A,MN_D,0
OECD.WISE.INE:DSD_TIME_USE@DF_TIME_USE(1.0),FIN,OTH,_T,39.8454146003223,0,A,MN_D,0
OECD.WISE.INE:DSD_TIME_USE@DF_TIME_USE(1.0),FIN,LEI,_T,329.806604610792,0,A,MN_D,0
OECD.WISE.INE:DSD_TIME_USE@DF_TIME_USE(1.0),FIN,PCA,_T,644.694376416737,0,A,MN_D,0
OECD.WISE.INE:DSD_TIME_USE@DF_TIME_USE(1.0),FIN,UPW,_T,185.546038763971,0,A,MN_D,0
OECD.WISE.INE:DSD_TIME_USE@DF_TIME_USE(1.0),FIN,PAW,_T,240.107553814392,0,A,MN_D,0
OECD.WISE.INE:DSD_TIME_USE@DF_TIME_USE(1.0),FIN,OTH,F,37.2027739363302,0,A,MN_D,0
OECD.WISE.INE:DSD_TIME_USE@DF_TIME_USE(1.0),FIN,LEI,F,308.540555071002,0,A,MN_D,0
OECD.WISE.INE:DSD_TIME_USE@DF_TIME_USE(1.0),FIN,PCA,F,663.376294260677,0,A,MN_D,0
OECD.WISE.INE:DSD_TIME_USE@DF_TIME_USE(1.0),FIN,UPW,F,208.748649916855,0,A,MN_D,0
OECD.WISE.INE:DSD_TIME_USE@DF_TIME_USE(1.0),FIN,PAW,F,222.131707192206,0,A,MN_D,0
OECD.WISE.INE:DSD_TIME_USE@DF_TIME_USE(1.0),FRA,LEI,M,319.130806843015,0,A,MN_D,0
OECD.WISE.INE:DSD_TIME_USE@DF_TIME_USE(1.0),FRA,PCA,M,742.955399211535,0,A,MN_D,0
OECD.WISE.INE:DSD_TIME_USE@DF_TIME_USE(1.0),FRA,UPW,M,134.939453321805,0,A,MN_D,0
OECD.WISE.INE:DSD_TIME_USE@DF_TIME_USE(1.0),FRA,PAW,M,235.132065209748,0,A,MN_D,0
OECD.WISE.INE:DSD_TIME_USE@DF_TIME_USE(1.0),FRA,OTH,_T,8.94711452440032,0,A,MN_D,0
OECD.WISE.INE:DSD_TIME_USE@DF_TIME_USE(1.0),FRA,LEI,_T,293.542647204861,0,A,MN_D,0
OECD.WISE.INE:DSD_TIME_USE@DF_TIME_USE(1.0),FRA,PCA,_T,752.246544090006,0,A,MN_D,0
OECD.WISE.INE:DSD_TIME_USE@DF_TIME_USE(1.0),FRA,UPW,_T,181.098549714387,0,A,MN_D,0
OECD.WISE.INE:DSD_TIME_USE@DF_TIME_USE(1.0),FRA,PAW,_T,204.165144466346,0,A,MN_D,0
OECD.WISE.INE:DSD_TIME_USE@DF_TIME_USE(1.0),FRA,OTH,F,9.97471687486579,0,A,MN_D,0
OECD.WISE.INE:DSD_TIME_USE@DF_TIME_USE(1.0),FRA,LEI,F,269.743379658742,0,A,MN_D,0
OECD.WISE.INE:DSD_TIME_USE@DF_TIME_USE(1.0),FRA,PCA,F,760.888066736224,0,A,MN_D,0
OECD.WISE.INE:DSD_TIME_USE@DF_TIME_USE(1.0),FRA,UPW,F,224.030847649372,0,A,MN_D,0
OECD.WISE.INE:DSD_TIME_USE@DF_TIME_USE(1.0),FRA,PAW,F,175.362989080796,0,A,MN_D,0
OECD.WISE.INE:DSD_TIME_USE@DF_TIME_USE(1.0),DEU,LEI,M,358.043239341812,0,A,MN_D,0
OECD.WISE.INE:DSD_TIME_USE@DF_TIME_USE(1.0),DEU,PCA,M,649.180886150432,0,A,MN_D,0
OECD.WISE.INE:DSD_TIME_USE@DF_TIME_USE(1.0),DEU,UPW,M,151.641156779146,0,A,MN_D,0
OECD.WISE.INE:DSD_TIME_USE@DF_TIME_USE(1.0),DEU,PAW,M,276.811841355819,0,A,MN_D,0
OECD.WISE.INE:DSD_TIME_USE@DF_TIME_USE(1.0),DEU,OTH,_T,5.11310158690526,0,A,MN_D,0
OECD.WISE.INE:DSD_TIME_USE@DF_TIME_USE(1.0),DEU,LEI,_T,340.882835020573,0,A,MN_D,0
OECD.WISE.INE:DSD_TIME_USE@DF_TIME_USE(1.0),DEU,PCA,_T,657.602393315668,0,A,MN_D,0
OECD.WISE.INE:DSD_TIME_USE@DF_TIME_USE(1.0),DEU,UPW,_T,192.354335749111,0,A,MN_D,0
OECD.WISE.INE:DSD_TIME_USE@DF_TIME_USE(1.0),DEU,PAW,_T,244.047244752997,0,A,MN_D,0
OECD.WISE.INE:DSD_TIME_USE@DF_TIME_USE(1.0),DEU,OTH,F,5.79113597393979,0,A,MN_D,0
OECD.WISE.INE:DSD_TIME_USE@DF_TIME_USE(1.0),DEU,LEI,F,324.460858939834,0,A,MN_D,0
OECD.WISE.INE:DSD_TIME_USE@DF_TIME_USE(1.0),DEU,PCA,F,667.244830408694,0,A,MN_D,0
OECD.WISE.INE:DSD_TIME_USE@DF_TIME_USE(1.0),DEU,UPW,F,232.621356855328,0,A,MN_D,0
OECD.WISE.INE:DSD_TIME_USE@DF_TIME_USE(1.0),DEU,PAW,F,209.881920764596,0,A,MN_D,0
OECD.WISE.INE:DSD_TIME_USE@DF_TIME_USE(1.0),GRC,OTH,M,3,0,A,MN_D,0
OECD.WISE.INE:DSD_TIME_USE@DF_TIME_USE(1.0),GRC,OTH,F,7,0,A,MN_D,0
OECD.WISE.INE:DSD_TIME_USE@DF_TIME_USE(1.0),GRC,LEI,_T,335,0,A,MN_D,0
OECD.WISE.INE:DSD_TIME_USE@DF_TIME_USE(1.0),GRC,LEI,M,375,0,A,MN_D,0
OECD.WISE.INE:DSD_TIME_USE@DF_TIME_USE(1.0),GRC,LEI,F,310,0,A,MN_D,0
OECD.WISE.INE:DSD_TIME_USE@DF_TIME_USE(1.0),GRC,PCA,_T,685,0,A,MN_D,0
OECD.WISE.INE:DSD_TIME_USE@DF_TIME_USE(1.0),GRC,PCA,M,689,0,A,MN_D,0
OECD.WISE.INE:DSD_TIME_USE@DF_TIME_USE(1.0),GRC,PCA,F,680,0,A,MN_D,0
OECD.WISE.INE:DSD_TIME_USE@DF_TIME_USE(1.0),GRC,UPW,_T,184,0,A,MN_D,0
OECD.WISE.INE:DSD_TIME_USE@DF_TIME_USE(1.0),GRC,UPW,M,97,0,A,MN_D,0
OECD.WISE.INE:DSD_TIME_USE@DF_TIME_USE(1.0),GRC,UPW,F,260,0,A,MN_D,0
OECD.WISE.INE:DSD_TIME_USE@DF_TIME_USE(1.0),GRC,PAW,_T,230,0,A,MN_D,0
OECD.WISE.INE:DSD_TIME_USE@DF_TIME_USE(1.0),GRC,PAW,M,276,0,A,MN_D,0
OECD.WISE.INE:DSD_TIME_USE@DF_TIME_USE(1.0),GRC,PAW,F,183,0,A,MN_D,0
OECD.WISE.INE:DSD_TIME_USE@DF_TIME_USE(1.0),HUN,OTH,M,10.5516108896624,0,A,MN_D,0
OECD.WISE.INE:DSD_TIME_USE@DF_TIME_USE(1.0),HUN,LEI,M,308.157116482696,0,A,MN_D,0
OECD.WISE.INE:DSD_TIME_USE@DF_TIME_USE(1.0),HUN,PCA,M,686.293115347827,0,A,MN_D,0
OECD.WISE.INE:DSD_TIME_USE@DF_TIME_USE(1.0),HUN,UPW,M,162.341045980129,0,A,MN_D,0
OECD.WISE.INE:DSD_TIME_USE@DF_TIME_USE(1.0),HUN,PAW,M,272.657111299686,0,A,MN_D,0
OECD.WISE.INE:DSD_TIME_USE@DF_TIME_USE(1.0),HUN,OTH,_T,8.73818704873854,0,A,MN_D,0
OECD.WISE.INE:DSD_TIME_USE@DF_TIME_USE(1.0),HUN,LEI,_T,281.349701323258,0,A,MN_D,0
OECD.WISE.INE:DSD_TIME_USE@DF_TIME_USE(1.0),HUN,PCA,_T,683.139152210002,0,A,MN_D,0
OECD.WISE.INE:DSD_TIME_USE@DF_TIME_USE(1.0),HUN,UPW,_T,229.15895598638,0,A,MN_D,0
OECD.WISE.INE:DSD_TIME_USE@DF_TIME_USE(1.0),HUN,OTH,F,7.6134485606417,0,A,MN_D,0
OECD.WISE.INE:DSD_TIME_USE@DF_TIME_USE(1.0),HUN,LEI,F,256.841156877389,0,A,MN_D,0
OECD.WISE.INE:DSD_TIME_USE@DF_TIME_USE(1.0),HUN,PCA,F,679.271815164226,0,A,MN_D,0
OECD.WISE.INE:DSD_TIME_USE@DF_TIME_USE(1.0),HUN,UPW,F,293.767324683589,0,A,MN_D,0
OECD.WISE.INE:DSD_TIME_USE@DF_TIME_USE(1.0),HUN,PAW,F,202.506254714154,0,A,MN_D,0
OECD.WISE.INE:DSD_TIME_USE@DF_TIME_USE(1.0),IRL,LEI,_T,312.31158,0,A,MN_D,0
OECD.WISE.INE:DSD_TIME_USE@DF_TIME_USE(1.0),IRL,LEI,F,286.98392,0,A,MN_D,0
OECD.WISE.INE:DSD_TIME_USE@DF_TIME_USE(1.0),IRL,PCA,F,623.13239,0,A,MN_D,0
OECD.WISE.INE:DSD_TIME_USE@DF_TIME_USE(1.0),IRL,PAW,_T,267.96129,0,D,MN_D,0
OECD.WISE.INE:DSD_TIME_USE@DF_TIME_USE(1.0),IRL,OTH,M,39.90444,0,A,MN_D,0
OECD.WISE.INE:DSD_TIME_USE@DF_TIME_USE(1.0),IRL,LEI,M,337.57702,0,A,MN_D,0
OECD.WISE.INE:DSD_TIME_USE@DF_TIME_USE(1.0),IRL,PCA,M,594.72988,0,A,MN_D,0
OECD.WISE.INE:DSD_TIME_USE@DF_TIME_USE(1.0),IRL,UPW,M,126.978151,0,A,MN_D,0
OECD.WISE.INE:DSD_TIME_USE@DF_TIME_USE(1.0),IRL,PAW,M,340.81053,0,A,MN_D,0
OECD.WISE.INE:DSD_TIME_USE@DF_TIME_USE(1.0),IRL,PCA,_T,608.91367,0,A,MN_D,0
OECD.WISE.INE:DSD_TIME_USE@DF_TIME_USE(1.0),IRL,UPW,_T,209.641482,0,A,MN_D,0
OECD.WISE.INE:DSD_TIME_USE@DF_TIME_USE(1.0),IRL,OTH,F,42.442702,0,A,MN_D,0
OECD.WISE.INE:DSD_TIME_USE@DF_TIME_USE(1.0),IRL,UPW,F,292.508303,0,A,MN_D,0
OECD.WISE.INE:DSD_TIME_USE@DF_TIME_USE(1.0),IRL,PAW,F,194.9327,0,A,MN_D,0
OECD.WISE.INE:DSD_TIME_USE@DF_TIME_USE(1.0),ITA,OTH,M,12.0628180887634,0,A,MN_D,0
OECD.WISE.INE:DSD_TIME_USE@DF_TIME_USE(1.0),ITA,LEI,M,366.095753217538,0,A,MN_D,0
OECD.WISE.INE:DSD_TIME_USE@DF_TIME_USE(1.0),ITA,PCA,M,710.318418441344,0,A,MN_D,0
OECD.WISE.INE:DSD_TIME_USE@DF_TIME_USE(1.0),ITA,UPW,M,130.70904349082,0,A,MN_D,0
OECD.WISE.INE:DSD_TIME_USE@DF_TIME_USE(1.0),ITA,PAW,M,220.813966761535,0,A,MN_D,0
OECD.WISE.INE:DSD_TIME_USE@DF_TIME_USE(1.0),ITA,OTH,_T,13.1853614591596,0,A,MN_D,0
OECD.WISE.INE:DSD_TIME_USE@DF_TIME_USE(1.0),ITA,LEI,_T,323.258616938897,0,A,MN_D,0
OECD.WISE.INE:DSD_TIME_USE@DF_TIME_USE(1.0),ITA,PCA,_T,707.808218002521,0,A,MN_D,0
OECD.WISE.INE:DSD_TIME_USE@DF_TIME_USE(1.0),ITA,PAW,_T,176.70905816186,0,A,MN_D,0
OECD.WISE.INE:DSD_TIME_USE@DF_TIME_USE(1.0),ITA,OTH,F,14.2947771947521,0,A,MN_D,0
OECD.WISE.INE:DSD_TIME_USE@DF_TIME_USE(1.0),ITA,LEI,F,280.922253677419,0,A,MN_D,0
OECD.WISE.INE:DSD_TIME_USE@DF_TIME_USE(1.0),ITA,PCA,F,705.327315056609,0,A,MN_D,0
OECD.WISE.INE:DSD_TIME_USE@DF_TIME_USE(1.0),ITA,UPW,F,306.335941182031,0,A,MN_D,0
OECD.WISE.INE:DSD_TIME_USE@DF_TIME_USE(1.0),ITA,PAW,F,133.119712889189,0,A,MN_D,0
OECD.WISE.INE:DSD_TIME_USE@DF_TIME_USE(1.0),JPN,OTH,M,34,0,A,MN_D,0
OECD.WISE.INE:DSD_TIME_USE@DF_TIME_USE(1.0),JPN,OTH,F,40,0,A,MN_D,0
OECD.WISE.INE:DSD_TIME_USE@DF_TIME_USE(1.0),JPN,LEI,_T,269,0,A,MN_D,0
OECD.WISE.INE:DSD_TIME_USE@DF_TIME_USE(1.0),JPN,LEI,M,284,0,A,MN_D,0
OECD.WISE.INE:DSD_TIME_USE@DF_TIME_USE(1.0),JPN,LEI,F,254,0,A,MN_D,0
OECD.WISE.INE:DSD_TIME_USE@DF_TIME_USE(1.0),JPN,PCA,_T,640,0,A,MN_D,0
OECD.WISE.INE:DSD_TIME_USE@DF_TIME_USE(1.0),JPN,PCA,M,632,0,A,MN_D,0
OECD.WISE.INE:DSD_TIME_USE@DF_TIME_USE(1.0),JPN,PCA,F,647,0,A,MN_D,0
OECD.WISE.INE:DSD_TIME_USE@DF_TIME_USE(1.0),JPN,UPW,_T,125,0,A,MN_D,0
OECD.WISE.INE:DSD_TIME_USE@DF_TIME_USE(1.0),JPN,UPW,M,47,0,A,MN_D,0
OECD.WISE.INE:DSD_TIME_USE@DF_TIME_USE(1.0),JPN,UPW,F,208,0,A,MN_D,0
OECD.WISE.INE:DSD_TIME_USE@DF_TIME_USE(1.0),JPN,PAW,_T,368,0,A,MN_D,0
OECD.WISE.INE:DSD_TIME_USE@DF_TIME_USE(1.0),JPN,PAW,M,442,0,A,MN_D,0
OECD.WISE.INE:DSD_TIME_USE@DF_TIME_USE(1.0),JPN,PAW,F,292,0,A,MN_D,0
OECD.WISE.INE:DSD_TIME_USE@DF_TIME_USE(1.0),KOR,PCA,_T,677.847421075598,0,D,MN_D,0
OECD.WISE.INE:DSD_TIME_USE@DF_TIME_USE(1.0),KOR,OTH,M,23.7392112877499,0,A,MN_D,0
OECD.WISE.INE:DSD_TIME_USE@DF_TIME_USE(1.0),KOR,LEI,M,272.447789400641,0,A,MN_D,0
OECD.WISE.INE:DSD_TIME_USE@DF_TIME_USE(1.0),KOR,PCA,M,675.832424585911,0,A,MN_D,0
OECD.WISE.INE:DSD_TIME_USE@DF_TIME_USE(1.0),KOR,UPW,M,48.9944848608272,0,A,MN_D,0
OECD.WISE.INE:DSD_TIME_USE@DF_TIME_USE(1.0),KOR,PAW,M,418.986089864867,0,A,MN_D,0
OECD.WISE.INE:DSD_TIME_USE@DF_TIME_USE(1.0),KOR,OTH,_T,27.7335798643878,0,A,MN_D,0
OECD.WISE.INE:DSD_TIME_USE@DF_TIME_USE(1.0),KOR,UPW,_T,131.706428025599,0,A,MN_D,0
OECD.WISE.INE:DSD_TIME_USE@DF_TIME_USE(1.0),KOR,PAW,_T,344.452367193367,0,A,MN_D,0
OECD.WISE.INE:DSD_TIME_USE@DF_TIME_USE(1.0),KOR,OTH,F,31.7564683388117,0,A,MN_D,0
OECD.WISE.INE:DSD_TIME_USE@DF_TIME_USE(1.0),KOR,LEI,F,243.971318543532,0,A,MN_D,0
OECD.WISE.INE:DSD_TIME_USE@DF_TIME_USE(1.0),KOR,PCA,F,679.876804693769,0,A,MN_D,0
OECD.WISE.INE:DSD_TIME_USE@DF_TIME_USE(1.0),KOR,UPW,F,215.008936662608,0,A,MN_D,0
OECD.WISE.INE:DSD_TIME_USE@DF_TIME_USE(1.0),KOR,PAW,F,269.386471761285,0,A,MN_D,0
OECD.WISE.INE:DSD_TIME_USE@DF_TIME_USE(1.0),LVA,LEI,M,290.47875347107,0,A,MN_D,0
OECD.WISE.INE:DSD_TIME_USE@DF_TIME_USE(1.0),LVA,PCA,M,639.602900542765,0,A,MN_D,0
OECD.WISE.INE:DSD_TIME_USE@DF_TIME_USE(1.0),LVA,UPW,M,129.726897150602,0,A,MN_D,0
OECD.WISE.INE:DSD_TIME_USE@DF_TIME_USE(1.0),LVA,PAW,M,376.93106909732,0,A,MN_D,0
OECD.WISE.INE:DSD_TIME_USE@DF_TIME_USE(1.0),LVA,OTH,_T,3.84950740685502,0,A,MN_D,0
OECD.WISE.INE:DSD_TIME_USE@DF_TIME_USE(1.0),LVA,LEI,_T,268.841314115382,0,A,MN_D,0
OECD.WISE.INE:DSD_TIME_USE@DF_TIME_USE(1.0),LVA,PCA,_T,641.296207711742,0,A,MN_D,0
OECD.WISE.INE:DSD_TIME_USE@DF_TIME_USE(1.0),LVA,UPW,_T,196.074543891354,0,A,MN_D,0
OECD.WISE.INE:DSD_TIME_USE@DF_TIME_USE(1.0),LVA,PAW,_T,329.938426874667,0,A,MN_D,0
OECD.WISE.INE:DSD_TIME_USE@DF_TIME_USE(1.0),LVA,OTH,F,5.33583331988962,0,A,MN_D,0
OECD.WISE.INE:DSD_TIME_USE@DF_TIME_USE(1.0),LVA,LEI,F,249.248179830482,0,A,MN_D,0
OECD.WISE.INE:DSD_TIME_USE@DF_TIME_USE(1.0),LVA,PCA,F,643.693565341687,0,A,MN_D,0
OECD.WISE.INE:DSD_TIME_USE@DF_TIME_USE(1.0),LVA,UPW,F,253.2541126242,0,A,MN_D,0
OECD.WISE.INE:DSD_TIME_USE@DF_TIME_USE(1.0),LVA,PAW,F,288.468308883741,0,A,MN_D,0
OECD.WISE.INE:DSD_TIME_USE@DF_TIME_USE(1.0),LTU,OTH,F,8.69442252305132,0,D,MN_D,0
OECD.WISE.INE:DSD_TIME_USE@DF_TIME_USE(1.0),LTU,LEI,M,282.19783185362,0,D,MN_D,0
OECD.WISE.INE:DSD_TIME_USE@DF_TIME_USE(1.0),LTU,LEI,F,215.298857870942,0,D,MN_D,0
OECD.WISE.INE:DSD_TIME_USE@DF_TIME_USE(1.0),LTU,PCA,M,644.323489643715,0,D,MN_D,0
OECD.WISE.INE:DSD_TIME_USE@DF_TIME_USE(1.0),LTU,PCA,F,644.797666656861,0,D,MN_D,0
OECD.WISE.INE:DSD_TIME_USE@DF_TIME_USE(1.0),LTU,UPW,M,151.6108055203,0,D,MN_D,0
OECD.WISE.INE:DSD_TIME_USE@DF_TIME_USE(1.0),LTU,UPW,F,291.951659066224,0,D,MN_D,0
OECD.WISE.INE:DSD_TIME_USE@DF_TIME_USE(1.0),LTU,PAW,M,354.262732052054,0,D,MN_D,0
OECD.WISE.INE:DSD_TIME_USE@DF_TIME_USE(1.0),LTU,PAW,F,279.257393882923,0,D,MN_D,0
OECD.WISE.INE:DSD_TIME_USE@DF_TIME_USE(1.0),LTU,OTH,_T,8.1680722499444,0,A,MN_D,0
OECD.WISE.INE:DSD_TIME_USE@DF_TIME_USE(1.0),LTU,LEI,_T,246.606803007443,0,A,MN_D,0
OECD.WISE.INE:DSD_TIME_USE@DF_TIME_USE(1.0),LTU,PCA,_T,645.538649513615,0,A,MN_D,0
OECD.WISE.INE:DSD_TIME_USE@DF_TIME_USE(1.0),LTU,UPW,_T,224.471325068096,0,A,MN_D,0
OECD.WISE.INE:DSD_TIME_USE@DF_TIME_USE(1.0),LTU,PAW,_T,315.215150160901,0,A,MN_D,0
OECD.WISE.INE:DSD_TIME_USE@DF_TIME_USE(1.0),LUX,LEI,M,299.041394735763,0,A,MN_D,0
OECD.WISE.INE:DSD_TIME_USE@DF_TIME_USE(1.0),LUX,PCA,M,676.86338955921,0,A,MN_D,0
OECD.WISE.INE:DSD_TIME_USE@DF_TIME_USE(1.0),LUX,UPW,M,121.075181416472,0,A,MN_D,0
OECD.WISE.INE:DSD_TIME_USE@DF_TIME_USE(1.0),LUX,PAW,M,329.995018587546,0,A,MN_D,0
OECD.WISE.INE:DSD_TIME_USE@DF_TIME_USE(1.0),LUX,OTH,_T,14.0634171949444,0,A,MN_D,0
OECD.WISE.INE:DSD_TIME_USE@DF_TIME_USE(1.0),LUX,LEI,_T,276.385699779144,0,A,MN_D,0
OECD.WISE.INE:DSD_TIME_USE@DF_TIME_USE(1.0),LUX,PCA,_T,685.668230952173,0,A,MN_D,0
OECD.WISE.INE:DSD_TIME_USE@DF_TIME_USE(1.0),LUX,UPW,_T,179.155603986542,0,A,MN_D,0
OECD.WISE.INE:DSD_TIME_USE@DF_TIME_USE(1.0),LUX,PAW,_T,284.688134496738,0,A,MN_D,0
OECD.WISE.INE:DSD_TIME_USE@DF_TIME_USE(1.0),LUX,OTH,F,14.5123881177844,0,A,MN_D,0
OECD.WISE.INE:DSD_TIME_USE@DF_TIME_USE(1.0),LUX,LEI,F,253.023219613439,0,A,MN_D,0
OECD.WISE.INE:DSD_TIME_USE@DF_TIME_USE(1.0),LUX,PCA,F,694.01245297704,0,A,MN_D,0
OECD.WISE.INE:DSD_TIME_USE@DF_TIME_USE(1.0),LUX,UPW,F,239.61742768193,0,A,MN_D,0
OECD.WISE.INE:DSD_TIME_USE@DF_TIME_USE(1.0),LUX,PAW,F,238.866389933843,0,A,MN_D,0
OECD.WISE.INE:DSD_TIME_USE@DF_TIME_USE(1.0),MEX,OTH,M,25.7886661374353,0,D,MN_D,0
OECD.WISE.INE:DSD_TIME_USE@DF_TIME_USE(1.0),MEX,OTH,F,26.4817943565208,0,D,MN_D,0
OECD.WISE.INE:DSD_TIME_USE@DF_TIME_USE(1.0),MEX,LEI,_T,202.833908621677,0,A,MN_D,0
OECD.WISE.INE:DSD_TIME_USE@DF_TIME_USE(1.0),MEX,LEI,M,212.843550247363,0,D,MN_D,0
OECD.WISE.INE:DSD_TIME_USE@DF_TIME_USE(1.0),MEX,LEI,F,194.315373181954,0,D,MN_D,0
OECD.WISE.INE:DSD_TIME_USE@DF_TIME_USE(1.0),MEX,PCA,_T,606.068003447442,0,A,MN_D,0
OECD.WISE.INE:DSD_TIME_USE@DF_TIME_USE(1.0),MEX,PCA,M,600.343650806537,0,D,MN_D,0
OECD.WISE.INE:DSD_TIME_USE@DF_TIME_USE(1.0),MEX,PCA,F,610.939616504585,0,D,MN_D,0
OECD.WISE.INE:DSD_TIME_USE@DF_TIME_USE(1.0),MEX,UPW,_T,256.032356872846,0,A,MN_D,0
OECD.WISE.INE:DSD_TIME_USE@DF_TIME_USE(1.0),MEX,UPW,M,147.359370199201,0,D,MN_D,0
OECD.WISE.INE:DSD_TIME_USE@DF_TIME_USE(1.0),MEX,UPW,F,348.516655805618,0,D,MN_D,0
OECD.WISE.INE:DSD_TIME_USE@DF_TIME_USE(1.0),MEX,PAW,_T,348.902610107847,0,D,MN_D,0
OECD.WISE.INE:DSD_TIME_USE@DF_TIME_USE(1.0),MEX,PAW,M,453.664762609463,0,D,MN_D,0
OECD.WISE.INE:DSD_TIME_USE@DF_TIME_USE(1.0),MEX,PAW,F,259.746560151323,0,D,MN_D,0
OECD.WISE.INE:DSD_TIME_USE@DF_TIME_USE(1.0),NLD,OTH,M,13.8255825399848,0,A,MN_D,0
OECD.WISE.INE:DSD_TIME_USE@DF_TIME_USE(1.0),NLD,LEI,M,329.58532083016,0,A,MN_D,0
OECD.WISE.INE:DSD_TIME_USE@DF_TIME_USE(1.0),NLD,PCA,M,666.232539984768,0,A,MN_D,0
OECD.WISE.INE:DSD_TIME_USE@DF_TIME_USE(1.0),NLD,UPW,M,145.417069878142,0,A,MN_D,0
OECD.WISE.INE:DSD_TIME_USE@DF_TIME_USE(1.0),NLD,PAW,M,284.93920573115,0,A,MN_D,0
OECD.WISE.INE:DSD_TIME_USE@DF_TIME_USE(1.0),NLD,OTH,_T,15.2966546858883,0,A,MN_D,0
OECD.WISE.INE:DSD_TIME_USE@DF_TIME_USE(1.0),NLD,PCA,_T,681.590620014206,0,A,MN_D,0
OECD.WISE.INE:DSD_TIME_USE@DF_TIME_USE(1.0),NLD,UPW,_T,185.561382441438,0,A,MN_D,0
OECD.WISE.INE:DSD_TIME_USE@DF_TIME_USE(1.0),NLD,PAW,_T,242.787032776412,0,A,MN_D,0
OECD.WISE.INE:DSD_TIME_USE@DF_TIME_USE(1.0),NLD,OTH,F,16.739884275353,0,A,MN_D,0
OECD.WISE.INE:DSD_TIME_USE@DF_TIME_USE(1.0),NLD,LEI,F,300.223045750429,0,A,MN_D,0
OECD.WISE.INE:DSD_TIME_USE@DF_TIME_USE(1.0),NLD,PCA,F,696.658049666797,0,A,MN_D,0
OECD.WISE.INE:DSD_TIME_USE@DF_TIME_USE(1.0),NLD,UPW,F,224.946109997294,0,A,MN_D,0
OECD.WISE.INE:DSD_TIME_USE@DF_TIME_USE(1.0),NLD,PAW,F,201.432569452333,0,A,MN_D,0
OECD.WISE.INE:DSD_TIME_USE@DF_TIME_USE(1.0),NZL,OTH,M,16,0,A,MN_D,0
OECD.WISE.INE:DSD_TIME_USE@DF_TIME_USE(1.0),NZL,OTH,F,19,0,A,MN_D,0
OECD.WISE.INE:DSD_TIME_USE@DF_TIME_USE(1.0),NZL,LEI,_T,301,0,A,MN_D,0
OECD.WISE.INE:DSD_TIME_USE@DF_TIME_USE(1.0),NZL,LEI,M,306,0,A,MN_D,0
OECD.WISE.INE:DSD_TIME_USE@DF_TIME_USE(1.0),NZL,LEI,F,295,0,A,MN_D,0
OECD.WISE.INE:DSD_TIME_USE@DF_TIME_USE(1.0),NZL,PCA,_T,648,0,A,MN_D,0
OECD.WISE.INE:DSD_TIME_USE@DF_TIME_USE(1.0),NZL,PCA,M,639,0,A,MN_D,0
OECD.WISE.INE:DSD_TIME_USE@DF_TIME_USE(1.0),NZL,PCA,F,656,0,A,MN_D,0
OECD.WISE.INE:DSD_TIME_USE@DF_TIME_USE(1.0),NZL,UPW,_T,204,0,A,MN_D,0
OECD.WISE.INE:DSD_TIME_USE@DF_TIME_USE(1.0),NZL,UPW,M,141,0,A,MN_D,0
OECD.WISE.INE:DSD_TIME_USE@DF_TIME_USE(1.0),NZL,UPW,F,264,0,A,MN_D,0
OECD.WISE.INE:DSD_TIME_USE@DF_TIME_USE(1.0),NZL,PAW,_T,270,0,A,MN_D,0
OECD.WISE.INE:DSD_TIME_USE@DF_TIME_USE(1.0),NZL,PAW,M,338,0,A,MN_D,0
OECD.WISE.INE:DSD_TIME_USE@DF_TIME_USE(1.0),NZL,PAW,F,205,0,A,MN_D,0
OECD.WISE.INE:DSD_TIME_USE@DF_TIME_USE(1.0),NOR,OTH,M,14.371084872508,0,A,MN_D,0
OECD.WISE.INE:DSD_TIME_USE@DF_TIME_USE(1.0),NOR,LEI,M,367.087541143803,0,A,MN_D,0
OECD.WISE.INE:DSD_TIME_USE@DF_TIME_USE(1.0),NOR,PCA,M,595.856163283617,0,A,MN_D,0
OECD.WISE.INE:DSD_TIME_USE@DF_TIME_USE(1.0),NOR,UPW,M,159.932403385848,0,A,MN_D,0
OECD.WISE.INE:DSD_TIME_USE@DF_TIME_USE(1.0),NOR,PAW,M,302.752780732919,0,A,MN_D,0
OECD.WISE.INE:DSD_TIME_USE@DF_TIME_USE(1.0),NOR,OTH,_T,11.7128221366738,0,A,MN_D,0
OECD.WISE.INE:DSD_TIME_USE@DF_TIME_USE(1.0),NOR,PCA,_T,613.333785205978,0,A,MN_D,0
OECD.WISE.INE:DSD_TIME_USE@DF_TIME_USE(1.0),NOR,UPW,_T,185.581687487247,0,A,MN_D,0
OECD.WISE.INE:DSD_TIME_USE@DF_TIME_USE(1.0),NOR,PAW,_T,275.404025061653,0,A,MN_D,0
OECD.WISE.INE:DSD_TIME_USE@DF_TIME_USE(1.0),NOR,OTH,F,9.11116211505578,0,A,MN_D,0
OECD.WISE.INE:DSD_TIME_USE@DF_TIME_USE(1.0),NOR,LEI,F,339.789029859283,0,A,MN_D,0
OECD.WISE.INE:DSD_TIME_USE@DF_TIME_USE(1.0),NOR,PCA,F,631.99754814757,0,A,MN_D,0
OECD.WISE.INE:DSD_TIME_USE@DF_TIME_USE(1.0),NOR,UPW,F,212.059552540682,0,A,MN_D,0
OECD.WISE.INE:DSD_TIME_USE@DF_TIME_USE(1.0),NOR,PAW,F,247.042684622866,0,A,MN_D,0
OECD.WISE.INE:DSD_TIME_USE@DF_TIME_USE(1.0),POL,LEI,M,281.218841552734,0,A,MN_D,0
OECD.WISE.INE:DSD_TIME_USE@DF_TIME_USE(1.0),POL,PCA,M,665.15234375,0,A,MN_D,0
OECD.WISE.INE:DSD_TIME_USE@DF_TIME_USE(1.0),POL,UPW,M,189.473693847656,0,A,MN_D,0
OECD.WISE.INE:DSD_TIME_USE@DF_TIME_USE(1.0),POL,PAW,M,272.243774414063,0,A,MN_D,0
OECD.WISE.INE:DSD_TIME_USE@DF_TIME_USE(1.0),POL,OTH,_T,35,0,A,MN_D,0
OECD.WISE.INE:DSD_TIME_USE@DF_TIME_USE(1.0),POL,LEI,_T,261,0,A,MN_D,0
OECD.WISE.INE:DSD_TIME_USE@DF_TIME_USE(1.0),POL,PCA,_T,682,0,A,MN_D,0
OECD.WISE.INE:DSD_TIME_USE@DF_TIME_USE(1.0),POL,UPW,_T,248,0,A,MN_D,0
OECD.WISE.INE:DSD_TIME_USE@DF_TIME_USE(1.0),POL,PAW,_T,214,0,A,MN_D,0
OECD.WISE.INE:DSD_TIME_USE@DF_TIME_USE(1.0),POL,OTH,F,36.9486846923828,0,A,MN_D,0
OECD.WISE.INE:DSD_TIME_USE@DF_TIME_USE(1.0),POL,LEI,F,245.658813476563,0,A,MN_D,0
OECD.WISE.INE:DSD_TIME_USE@DF_TIME_USE(1.0),POL,PCA,F,693.037475585938,0,A,MN_D,0
OECD.WISE.INE:DSD_TIME_USE@DF_TIME_USE(1.0),POL,UPW,F,292.593627929688,0,A,MN_D,0
OECD.WISE.INE:DSD_TIME_USE@DF_TIME_USE(1.0),POL,PAW,F,171.761444091797,0,A,MN_D,0
OECD.WISE.INE:DSD_TIME_USE@DF_TIME_USE(1.0),PRT,OTH,M,5.0314465408805,0,A,MN_D,0
OECD.WISE.INE:DSD_TIME_USE@DF_TIME_USE(1.0),PRT,LEI,M,289.140461215933,0,A,MN_D,0
OECD.WISE.INE:DSD_TIME_USE@DF_TIME_USE(1.0),PRT,PCA,M,677.232704402516,0,A,MN_D,0
OECD.WISE.INE:DSD_TIME_USE@DF_TIME_USE(1.0),PRT,UPW,M,96.2683438155136,0,A,MN_D,0
OECD.WISE.INE:DSD_TIME_USE@DF_TIME_USE(1.0),PRT,PAW,M,372.327044025157,0,A,MN_D,0
OECD.WISE.INE:DSD_TIME_USE@DF_TIME_USE(1.0),PRT,OTH,_T,6.04195804195804,0,A,MN_D,0
OECD.WISE.INE:DSD_TIME_USE@DF_TIME_USE(1.0),PRT,LEI,_T,240.671328671329,0,A,MN_D,0
OECD.WISE.INE:DSD_TIME_USE@DF_TIME_USE(1.0),PRT,UPW,_T,222.545454545455,0,A,MN_D,0
OECD.WISE.INE:DSD_TIME_USE@DF_TIME_USE(1.0),PRT,PAW,_T,295.048951048951,0,A,MN_D,0
OECD.WISE.INE:DSD_TIME_USE@DF_TIME_USE(1.0),PRT,OTH,F,7.0391061452514,0,A,MN_D,0
OECD.WISE.INE:DSD_TIME_USE@DF_TIME_USE(1.0),PRT,LEI,F,199.776536312849,0,A,MN_D,0
OECD.WISE.INE:DSD_TIME_USE@DF_TIME_USE(1.0),PRT,PCA,F,673.743016759777,0,A,MN_D,0
OECD.WISE.INE:DSD_TIME_USE@DF_TIME_USE(1.0),PRT,UPW,F,328.156424581006,0,A,MN_D,0
OECD.WISE.INE:DSD_TIME_USE@DF_TIME_USE(1.0),PRT,PAW,F,231.284916201117,0,A,MN_D,0
OECD.WISE.INE:DSD_TIME_USE@DF_TIME_USE(1.0),SVN,LEI,M,336.935933147632,0,A,MN_D,0
OECD.WISE.INE:DSD_TIME_USE@DF_TIME_USE(1.0),SVN,PCA,M,631.754874651811,0,A,MN_D,0
OECD.WISE.INE:DSD_TIME_USE@DF_TIME_USE(1.0),SVN,UPW,M,166.462395543175,0,A,MN_D,0
OECD.WISE.INE:DSD_TIME_USE@DF_TIME_USE(1.0),SVN,PAW,M,299.83286908078,0,A,MN_D,0
OECD.WISE.INE:DSD_TIME_USE@DF_TIME_USE(1.0),SVN,OTH,_T,5.99167822468793,0,A,MN_D,0
OECD.WISE.INE:DSD_TIME_USE@DF_TIME_USE(1.0),SVN,LEI,_T,310.568654646324,0,A,MN_D,0
OECD.WISE.INE:DSD_TIME_USE@DF_TIME_USE(1.0),SVN,PCA,_T,628.127600554785,0,A,MN_D,0
OECD.WISE.INE:DSD_TIME_USE@DF_TIME_USE(1.0),SVN,UPW,_T,230.679611650485,0,A,MN_D,0
OECD.WISE.INE:DSD_TIME_USE@DF_TIME_USE(1.0),SVN,PAW,_T,264.632454923717,0,A,MN_D,0
OECD.WISE.INE:DSD_TIME_USE@DF_TIME_USE(1.0),SVN,OTH,F,6.00416956219597,0,A,MN_D,0
OECD.WISE.INE:DSD_TIME_USE@DF_TIME_USE(1.0),SVN,LEI,F,283.196664350243,0,A,MN_D,0
OECD.WISE.INE:DSD_TIME_USE@DF_TIME_USE(1.0),SVN,PCA,F,630.437804030577,0,A,MN_D,0
OECD.WISE.INE:DSD_TIME_USE@DF_TIME_USE(1.0),SVN,UPW,F,286.198749131341,0,A,MN_D,0
OECD.WISE.INE:DSD_TIME_USE@DF_TIME_USE(1.0),SVN,PAW,F,234.162612925643,0,A,MN_D,0
OECD.WISE.INE:DSD_TIME_USE@DF_TIME_USE(1.0),ESP,OTH,M,13.661777,0,A,MN_D,0
OECD.WISE.INE:DSD_TIME_USE@DF_TIME_USE(1.0),ESP,OTH,F,13.180323,0,A,MN_D,0
OECD.WISE.INE:DSD_TIME_USE@DF_TIME_USE(1.0),ESP,LEI,_T,316.049266,0,D,MN_D,0
OECD.WISE.INE:DSD_TIME_USE@DF_TIME_USE(1.0),ESP,LEI,M,347.169256,0,A,MN_D,0
OECD.WISE.INE:DSD_TIME_USE@DF_TIME_USE(1.0),ESP,PCA,M,696.87999,0,A,MN_D,0
OECD.WISE.INE:DSD_TIME_USE@DF_TIME_USE(1.0),ESP,UPW,M,145.9093127,0,A,MN_D,0
OECD.WISE.INE:DSD_TIME_USE@DF_TIME_USE(1.0),ESP,PAW,M,236.2291275,0,A,MN_D,0
OECD.WISE.INE:DSD_TIME_USE@DF_TIME_USE(1.0),ESP,PCA,_T,691.79239,0,A,MN_D,0
OECD.WISE.INE:DSD_TIME_USE@DF_TIME_USE(1.0),ESP,UPW,_T,216.7291055,0,A,MN_D,0
OECD.WISE.INE:DSD_TIME_USE@DF_TIME_USE(1.0),ESP,PAW,_T,202.0047329,0,A,MN_D,0
OECD.WISE.INE:DSD_TIME_USE@DF_TIME_USE(1.0),ESP,LEI,F,283.995586,0,A,MN_D,0
OECD.WISE.INE:DSD_TIME_USE@DF_TIME_USE(1.0),ESP,PCA,F,686.55228,0,A,MN_D,0
OECD.WISE.INE:DSD_TIME_USE@DF_TIME_USE(1.0),ESP,UPW,F,289.1279055,0,A,MN_D,0
OECD.WISE.INE:DSD_TIME_USE@DF_TIME_USE(1.0),ESP,PAW,F,166.7536196,0,A,MN_D,0
OECD.WISE.INE:DSD_TIME_USE@DF_TIME_USE(1.0),SWE,LEI,M,338,0,A,MN_D,0
OECD.WISE.INE:DSD_TIME_USE@DF_TIME_USE(1.0),SWE,PCA,M,611,0,A,MN_D,0
OECD.WISE.INE:DSD_TIME_USE@DF_TIME_USE(1.0),SWE,UPW,M,171,0,A,MN_D,0
OECD.WISE.INE:DSD_TIME_USE@DF_TIME_USE(1.0),SWE,PAW,M,313,0,A,MN_D,0
OECD.WISE.INE:DSD_TIME_USE@DF_TIME_USE(1.0),SWE,UPW,_T,196.499173777816,0,D,MN_D,0
OECD.WISE.INE:DSD_TIME_USE@DF_TIME_USE(1.0),SWE,OTH,_T,6.13985651363188,0,A,MN_D,0
OECD.WISE.INE:DSD_TIME_USE@DF_TIME_USE(1.0),SWE,LEI,_T,321.484572513213,0,A,MN_D,0
OECD.WISE.INE:DSD_TIME_USE@DF_TIME_USE(1.0),SWE,PCA,_T,622.46952542036,0,A,MN_D,0
OECD.WISE.INE:DSD_TIME_USE@DF_TIME_USE(1.0),SWE,PAW,_T,293.406871774976,0,A,MN_D,0
OECD.WISE.INE:DSD_TIME_USE@DF_TIME_USE(1.0),SWE,OTH,F,5.00347463516331,0,A,MN_D,0
OECD.WISE.INE:DSD_TIME_USE@DF_TIME_USE(1.0),SWE,LEI,F,306.212647671994,0,A,MN_D,0
OECD.WISE.INE:DSD_TIME_USE@DF_TIME_USE(1.0),SWE,PCA,F,633.439888811675,0,A,MN_D,0
OECD.WISE.INE:DSD_TIME_USE@DF_TIME_USE(1.0),SWE,UPW,F,220.152883947186,0,A,MN_D,0
OECD.WISE.INE:DSD_TIME_USE@DF_TIME_USE(1.0),SWE,PAW,F,275.191104933982,0,A,MN_D,0
OECD.WISE.INE:DSD_TIME_USE@DF_TIME_USE(1.0),TUR,PCA,_T,681.79669,0,D,MN_D,0
OECD.WISE.INE:DSD_TIME_USE@DF_TIME_USE(1.0),TUR,PAW,_T,246.3159874,0,D,MN_D,0
OECD.WISE.INE:DSD_TIME_USE@DF_TIME_USE(1.0),TUR,OTH,M,34.11682,0,A,MN_D,0
OECD.WISE.INE:DSD_TIME_USE@DF_TIME_USE(1.0),TUR,LEI,M,300.954951,0,A,MN_D,0
OECD.WISE.INE:DSD_TIME_USE@DF_TIME_USE(1.0),TUR,UPW,M,67.5917389,0,A,MN_D,0
OECD.WISE.INE:DSD_TIME_USE@DF_TIME_USE(1.0),TUR,PAW,M,358.2501105,0,A,MN_D,0
OECD.WISE.INE:DSD_TIME_USE@DF_TIME_USE(1.0),TUR,OTH,_T,40.096759,0,A,MN_D,0
OECD.WISE.INE:DSD_TIME_USE@DF_TIME_USE(1.0),TUR,LEI,_T,285.730729,0,A,MN_D,0
OECD.WISE.INE:DSD_TIME_USE@DF_TIME_USE(1.0),TUR,UPW,_T,186.089492,0,A,MN_D,0
OECD.WISE.INE:DSD_TIME_USE@DF_TIME_USE(1.0),TUR,OTH,F,46.099935,0,A,MN_D,0
OECD.WISE.INE:DSD_TIME_USE@DF_TIME_USE(1.0),TUR,LEI,F,270.447376,0,A,MN_D,0
OECD.WISE.INE:DSD_TIME_USE@DF_TIME_USE(1.0),TUR,PCA,F,684.50614,0,A,MN_D,0
OECD.WISE.INE:DSD_TIME_USE@DF_TIME_USE(1.0),TUR,UPW,F,305.047395,0,A,MN_D,0
OECD.WISE.INE:DSD_TIME_USE@DF_TIME_USE(1.0),TUR,PAW,F,133.9472367,0,A,MN_D,0
OECD.WISE.INE:DSD_TIME_USE@DF_TIME_USE(1.0),GBR,OTH,M,29.8696044870127,0,A,MN_D,0
OECD.WISE.INE:DSD_TIME_USE@DF_TIME_USE(1.0),GBR,LEI,M,326.515733433541,0,A,MN_D,0
OECD.WISE.INE:DSD_TIME_USE@DF_TIME_USE(1.0),GBR,PCA,M,634.916891715024,0,A,MN_D,0
OECD.WISE.INE:DSD_TIME_USE@DF_TIME_USE(1.0),GBR,UPW,M,140.081795190296,0,A,MN_D,0
OECD.WISE.INE:DSD_TIME_USE@DF_TIME_USE(1.0),GBR,PAW,M,308.615975174126,0,A,MN_D,0
OECD.WISE.INE:DSD_TIME_USE@DF_TIME_USE(1.0),GBR,OTH,_T,32.4718942159398,0,A,MN_D,0
OECD.WISE.INE:DSD_TIME_USE@DF_TIME_USE(1.0),GBR,LEI,_T,305.53093651479,0,A,MN_D,0
OECD.WISE.INE:DSD_TIME_USE@DF_TIME_USE(1.0),GBR,PCA,_T,645.20437434277,0,A,MN_D,0
OECD.WISE.INE:DSD_TIME_USE@DF_TIME_USE(1.0),GBR,PAW,_T,262.264909867927,0,A,MN_D,0
OECD.WISE.INE:DSD_TIME_USE@DF_TIME_USE(1.0),GBR,OTH,F,35.0578374649938,0,A,MN_D,0
OECD.WISE.INE:DSD_TIME_USE@DF_TIME_USE(1.0),GBR,LEI,F,284.67795888641,0,A,MN_D,0
OECD.WISE.INE:DSD_TIME_USE@DF_TIME_USE(1.0),GBR,PCA,F,655.427152072559,0,A,MN_D,0
OECD.WISE.INE:DSD_TIME_USE@DF_TIME_USE(1.0),GBR,UPW,F,248.632290190633,0,A,MN_D,0
OECD.WISE.INE:DSD_TIME_USE@DF_TIME_USE(1.0),GBR,PAW,F,216.204761385404,0,A,MN_D,0
OECD.WISE.INE:DSD_TIME_USE@DF_TIME_USE(1.0),USA,OTH,M,18.2189540863037,0,A,MN_D,0
OECD.WISE.INE:DSD_TIME_USE@DF_TIME_USE(1.0),USA,LEI,M,304.912994384766,0,A,MN_D,0
OECD.WISE.INE:DSD_TIME_USE@DF_TIME_USE(1.0),USA,PCA,M,652.301330566406,0,A,MN_D,0
OECD.WISE.INE:DSD_TIME_USE@DF_TIME_USE(1.0),USA,UPW,M,159.102722167969,0,A,MN_D,0
OECD.WISE.INE:DSD_TIME_USE@DF_TIME_USE(1.0),USA,PAW,M,305.464019775391,0,A,MN_D,0
OECD.WISE.INE:DSD_TIME_USE@DF_TIME_USE(1.0),USA,LEI,_T,279.856750488281,0,A,MN_D,0
OECD.WISE.INE:DSD_TIME_USE@DF_TIME_USE(1.0),USA,PCA,_T,664.044677734375,0,A,MN_D,0
OECD.WISE.INE:DSD_TIME_USE@DF_TIME_USE(1.0),USA,UPW,_T,197.123748779297,0,A,MN_D,0
OECD.WISE.INE:DSD_TIME_USE@DF_TIME_USE(1.0),USA,PAW,_T,278.207092285156,0,A,MN_D,0
OECD.WISE.INE:DSD_TIME_USE@DF_TIME_USE(1.0),USA,OTH,F,23.2864551544189,0,A,MN_D,0
OECD.WISE.INE:DSD_TIME_USE@DF_TIME_USE(1.0),USA,LEI,F,255.095794677734,0,A,MN_D,0
OECD.WISE.INE:DSD_TIME_USE@DF_TIME_USE(1.0),USA,PCA,F,675.649658203125,0,A,MN_D,0
OECD.WISE.INE:DSD_TIME_USE@DF_TIME_USE(1.0),USA,UPW,F,234.696731567383,0,A,MN_D,0
OECD.WISE.INE:DSD_TIME_USE@DF_TIME_USE(1.0),USA,PAW,F,251.271331787109,0,A,MN_D,0
OECD.WISE.INE:DSD_TIME_USE@DF_TIME_USE(1.0),BGR,PCA,M,732.605420899345,0,A,MN_D,0
OECD.WISE.INE:DSD_TIME_USE@DF_TIME_USE(1.0),BGR,UPW,M,125.757672875661,0,A,MN_D,0
OECD.WISE.INE:DSD_TIME_USE@DF_TIME_USE(1.0),BGR,PAW,M,305.877348101931,0,A,MN_D,0
OECD.WISE.INE:DSD_TIME_USE@DF_TIME_USE(1.0),BGR,OTH,_T,5.07524738190659,0,A,MN_D,0
OECD.WISE.INE:DSD_TIME_USE@DF_TIME_USE(1.0),BGR,LEI,_T,240.974993237818,0,A,MN_D,0
OECD.WISE.INE:DSD_TIME_USE@DF_TIME_USE(1.0),BGR,PCA,_T,723.052900319744,0,A,MN_D,0
OECD.WISE.INE:DSD_TIME_USE@DF_TIME_USE(1.0),BGR,UPW,_T,188.972884305462,0,A,MN_D,0
OECD.WISE.INE:DSD_TIME_USE@DF_TIME_USE(1.0),BGR,PAW,_T,281.923912648024,0,A,MN_D,0
OECD.WISE.INE:DSD_TIME_USE@DF_TIME_USE(1.0),BGR,OTH,F,5.02258751815816,0,A,MN_D,0
OECD.WISE.INE:DSD_TIME_USE@DF_TIME_USE(1.0),BGR,LEI,F,210.477968895029,0,A,MN_D,0
OECD.WISE.INE:DSD_TIME_USE@DF_TIME_USE(1.0),BGR,PCA,F,711.404542538075,0,A,MN_D,0
OECD.WISE.INE:DSD_TIME_USE@DF_TIME_USE(1.0),BGR,UPW,F,256.891407558214,0,A,MN_D,0
OECD.WISE.INE:DSD_TIME_USE@DF_TIME_USE(1.0),BGR,PAW,F,256.20358286702,0,A,MN_D,0
OECD.WISE.INE:DSD_TIME_USE@DF_TIME_USE(1.0),BGR,OTH,M,4.48473063780057,0,A,MN_D,0
OECD.WISE.INE:DSD_TIME_USE@DF_TIME_USE(1.0),CHN,UPW,F,234,0,D,MN_D,0
OECD.WISE.INE:DSD_TIME_USE@DF_TIME_USE(1.0),CHN,PAW,M,390,0,D,MN_D,0
OECD.WISE.INE:DSD_TIME_USE@DF_TIME_USE(1.0),CHN,PAW,F,291,0,D,MN_D,0
OECD.WISE.INE:DSD_TIME_USE@DF_TIME_USE(1.0),CHN,OTH,_T,14.9895905621096,0,A,MN_D,0
OECD.WISE.INE:DSD_TIME_USE@DF_TIME_USE(1.0),CHN,LEI,_T,227.841776544067,0,A,MN_D,0
OECD.WISE.INE:DSD_TIME_USE@DF_TIME_USE(1.0),CHN,PCA,_T,693.51839000694,0,A,MN_D,0
OECD.WISE.INE:DSD_TIME_USE@DF_TIME_USE(1.0),CHN,UPW,_T,163.886190145732,0,A,MN_D,0
OECD.WISE.INE:DSD_TIME_USE@DF_TIME_USE(1.0),CHN,PAW,_T,339.764052741152,0,A,MN_D,0
OECD.WISE.INE:DSD_TIME_USE@DF_TIME_USE(1.0),CHN,OTH,M,15,0,D,MN_D,0
OECD.WISE.INE:DSD_TIME_USE@DF_TIME_USE(1.0),CHN,OTH,F,12,0,D,MN_D,0
OECD.WISE.INE:DSD_TIME_USE@DF_TIME_USE(1.0),CHN,LEI,M,248,0,D,MN_D,0
OECD.WISE.INE:DSD_TIME_USE@DF_TIME_USE(1.0),CHN,LEI,F,211,0,D,MN_D,0
OECD.WISE.INE:DSD_TIME_USE@DF_TIME_USE(1.0),CHN,PCA,M,696,0,D,MN_D,0
OECD.WISE.INE:DSD_TIME_USE@DF_TIME_USE(1.0),CHN,PCA,F,692,0,D,MN_D,0
OECD.WISE.INE:DSD_TIME_USE@DF_TIME_USE(1.0),HRV,PCA,M,661.179109311104,0,A,MN_D,0
OECD.WISE.INE:DSD_TIME_USE@DF_TIME_USE(1.0),HRV,UPW,M,148.972486567497,0,A,MN_D,0
OECD.WISE.INE:DSD_TIME_USE@DF_TIME_USE(1.0),HRV,PAW,M,344.435708427429,0,A,MN_D,0
OECD.WISE.INE:DSD_TIME_USE@DF_TIME_USE(1.0),HRV,OTH,_T,10.2766464471817,0,A,MN_D,0
OECD.WISE.INE:DSD_TIME_USE@DF_TIME_USE(1.0),HRV,LEI,_T,250.568820726872,0,A,MN_D,0
OECD.WISE.INE:DSD_TIME_USE@DF_TIME_USE(1.0),HRV,PCA,_T,654.783580982685,0,A,MN_D,0
OECD.WISE.INE:DSD_TIME_USE@DF_TIME_USE(1.0),HRV,UPW,_T,202.91339161396,0,A,MN_D,0
OECD.WISE.INE:DSD_TIME_USE@DF_TIME_USE(1.0),HRV,PAW,_T,321.457530925274,0,A,MN_D,0
OECD.WISE.INE:DSD_TIME_USE@DF_TIME_USE(1.0),HRV,OTH,F,10.7470189332962,0,A,MN_D,0
OECD.WISE.INE:DSD_TIME_USE@DF_TIME_USE(1.0),HRV,LEI,F,225.084761023521,0,A,MN_D,0
OECD.WISE.INE:DSD_TIME_USE@DF_TIME_USE(1.0),HRV,PCA,F,648.336516022682,0,A,MN_D,0
OECD.WISE.INE:DSD_TIME_USE@DF_TIME_USE(1.0),HRV,UPW,F,257.727575540543,0,A,MN_D,0
OECD.WISE.INE:DSD_TIME_USE@DF_TIME_USE(1.0),HRV,PAW,F,298.104226112366,0,A,MN_D,0
OECD.WISE.INE:DSD_TIME_USE@DF_TIME_USE(1.0),HRV,OTH,M,9.80348113775253,0,A,MN_D,0
OECD.WISE.INE:DSD_TIME_USE@DF_TIME_USE(1.0),IND,PCA,M,702.771927389694,0,A,MN_D,0
OECD.WISE.INE:DSD_TIME_USE@DF_TIME_USE(1.0),IND,UPW,M,51.767242334305,0,A,MN_D,0
OECD.WISE.INE:DSD_TIME_USE@DF_TIME_USE(1.0),IND,PAW,M,390.571087302003,0,A,MN_D,0
OECD.WISE.INE:DSD_TIME_USE@DF_TIME_USE(1.0),IND,OTH,_T,12.3884028738259,0,A,MN_D,0
OECD.WISE.INE:DSD_TIME_USE@DF_TIME_USE(1.0),IND,LEI,_T,253.996122734101,0,A,MN_D,0
OECD.WISE.INE:DSD_TIME_USE@DF_TIME_USE(1.0),IND,PCA,_T,687.489914767049,0,A,MN_D,0
OECD.WISE.INE:DSD_TIME_USE@DF_TIME_USE(1.0),IND,UPW,_T,191.146144119023,0,A,MN_D,0
OECD.WISE.INE:DSD_TIME_USE@DF_TIME_USE(1.0),IND,PAW,_T,294.979415506001,0,A,MN_D,0
OECD.WISE.INE:DSD_TIME_USE@DF_TIME_USE(1.0),IND,OTH,F,12.5521578206643,0,A,MN_D,0
OECD.WISE.INE:DSD_TIME_USE@DF_TIME_USE(1.0),IND,LEI,F,220.948493663259,0,A,MN_D,0
OECD.WISE.INE:DSD_TIME_USE@DF_TIME_USE(1.0),IND,PCA,F,669.860366882752,0,A,MN_D,0
OECD.WISE.INE:DSD_TIME_USE@DF_TIME_USE(1.0),IND,UPW,F,351.935306392856,0,A,MN_D,0
OECD.WISE.INE:DSD_TIME_USE@DF_TIME_USE(1.0),IND,PAW,F,184.703675240469,0,A,MN_D,0
OECD.WISE.INE:DSD_TIME_USE@DF_TIME_USE(1.0),IND,OTH,M,12.2464494564219,0,A,MN_D,0
OECD.WISE.INE:DSD_TIME_USE@DF_TIME_USE(1.0),ZAF,LEI,M,334.19432,0,A,MN_D,0
OECD.WISE.INE:DSD_TIME_USE@DF_TIME_USE(1.0),ZAF,PCA,M,695.37227,0,A,MN_D,0
OECD.WISE.INE:DSD_TIME_USE@DF_TIME_USE(1.0),ZAF,UPW,M,102.9391411,0,A,MN_D,0
OECD.WISE.INE:DSD_TIME_USE@DF_TIME_USE(1.0),ZAF,PAW,M,294.16317,0,A,MN_D,0
OECD.WISE.INE:DSD_TIME_USE@DF_TIME_USE(1.0),ZAF,OTH,_T,16.1621313,0,A,MN_D,0
OECD.WISE.INE:DSD_TIME_USE@DF_TIME_USE(1.0),ZAF,LEI,_T,305.898196,0,A,MN_D,0
OECD.WISE.INE:DSD_TIME_USE@DF_TIME_USE(1.0),ZAF,PCA,_T,695.07884,0,A,MN_D,0
OECD.WISE.INE:DSD_TIME_USE@DF_TIME_USE(1.0),ZAF,UPW,_T,182.2847917,0,A,MN_D,0
OECD.WISE.INE:DSD_TIME_USE@DF_TIME_USE(1.0),ZAF,PAW,_T,240.57606,0,A,MN_D,0
OECD.WISE.INE:DSD_TIME_USE@DF_TIME_USE(1.0),ZAF,OTH,F,18.6988008,0,A,MN_D,0
OECD.WISE.INE:DSD_TIME_USE@DF_TIME_USE(1.0),ZAF,LEI,F,281.849864,0,A,MN_D,0
OECD.WISE.INE:DSD_TIME_USE@DF_TIME_USE(1.0),ZAF,PCA,F,694.82946,0,A,MN_D,0
OECD.WISE.INE:DSD_TIME_USE@DF_TIME_USE(1.0),ZAF,UPW,F,249.5884149,0,A,MN_D,0
OECD.WISE.INE:DSD_TIME_USE@DF_TIME_USE(1.0),ZAF,OTH,M,13.1774,0,A,MN_D,0
OECD.WISE.INE:DSD_TIME_USE@DF_TIME_USE(1.0),AUS,OTH,F,22,0,D,MN_D,0
OECD.WISE.INE:DSD_TIME_USE@DF_TIME_USE(1.0),AUT,OTH,_T,11.85609,0,A,MN_D,0
OECD.WISE.INE:DSD_TIME_USE@DF_TIME_USE(1.0),BEL,OTH,_T,9.22128002575055,0,A,MN_D,0
OECD.WISE.INE:DSD_TIME_USE@DF_TIME_USE(1.0),CAN,OTH,_T,30.5236915826797,0,D,MN_D,0
OECD.WISE.INE:DSD_TIME_USE@DF_TIME_USE(1.0),DNK,UPW,_T,216.627341391084,0,D,MN_D,0
OECD.WISE.INE:DSD_TIME_USE@DF_TIME_USE(1.0),EST,PAW,_T,293.061746082749,0,D,MN_D,0
OECD.WISE.INE:DSD_TIME_USE@DF_TIME_USE(1.0),FIN,OTH,M,42.4529036311851,0,A,MN_D,0
OECD.WISE.INE:DSD_TIME_USE@DF_TIME_USE(1.0),FRA,OTH,M,7.84227541389787,0,A,MN_D,0
OECD.WISE.INE:DSD_TIME_USE@DF_TIME_USE(1.0),DEU,OTH,M,4.32273861989034,0,A,MN_D,0
OECD.WISE.INE:DSD_TIME_USE@DF_TIME_USE(1.0),GRC,OTH,_T,6,0,A,MN_D,0
OECD.WISE.INE:DSD_TIME_USE@DF_TIME_USE(1.0),HUN,PAW,_T,237.614003431622,0,D,MN_D,0
OECD.WISE.INE:DSD_TIME_USE@DF_TIME_USE(1.0),IRL,OTH,_T,41.172009,0,A,MN_D,0
OECD.WISE.INE:DSD_TIME_USE@DF_TIME_USE(1.0),ITA,UPW,_T,219.038745437563,0,D,MN_D,0
OECD.WISE.INE:DSD_TIME_USE@DF_TIME_USE(1.0),JPN,OTH,_T,37,0,A,MN_D,0
OECD.WISE.INE:DSD_TIME_USE@DF_TIME_USE(1.0),KOR,LEI,_T,258.260203841049,0,D,MN_D,0
OECD.WISE.INE:DSD_TIME_USE@DF_TIME_USE(1.0),LVA,OTH,M,3.26037973824294,0,A,MN_D,0
OECD.WISE.INE:DSD_TIME_USE@DF_TIME_USE(1.0),LTU,OTH,M,7.60514093031033,0,D,MN_D,0
OECD.WISE.INE:DSD_TIME_USE@DF_TIME_USE(1.0),LUX,OTH,M,13.0250157010083,0,A,MN_D,0
OECD.WISE.INE:DSD_TIME_USE@DF_TIME_USE(1.0),MEX,OTH,_T,26.1631209501891,0,A,MN_D,0
OECD.WISE.INE:DSD_TIME_USE@DF_TIME_USE(1.0),NLD,LEI,_T,314.763994846005,0,D,MN_D,0
OECD.WISE.INE:DSD_TIME_USE@DF_TIME_USE(1.0),NZL,OTH,_T,17,0,A,MN_D,0
OECD.WISE.INE:DSD_TIME_USE@DF_TIME_USE(1.0),NOR,LEI,_T,353.967756063685,0,D,MN_D,0
OECD.WISE.INE:DSD_TIME_USE@DF_TIME_USE(1.0),POL,OTH,M,31.9113578796387,0,A,MN_D,0
OECD.WISE.INE:DSD_TIME_USE@DF_TIME_USE(1.0),PRT,PCA,_T,675.692307692308,0,D,MN_D,0
OECD.WISE.INE:DSD_TIME_USE@DF_TIME_USE(1.0),SVN,OTH,M,5.01392757660167,0,A,MN_D,0
OECD.WISE.INE:DSD_TIME_USE@DF_TIME_USE(1.0),ESP,OTH,_T,13.424608,0,A,MN_D,0
OECD.WISE.INE:DSD_TIME_USE@DF_TIME_USE(1.0),SWE,OTH,M,7,0,A,MN_D,0
OECD.WISE.INE:DSD_TIME_USE@DF_TIME_USE(1.0),TUR,PCA,M,679.09766,0,A,MN_D,0
OECD.WISE.INE:DSD_TIME_USE@DF_TIME_USE(1.0),GBR,UPW,_T,194.527885058573,0,D,MN_D,0
OECD.WISE.INE:DSD_TIME_USE@DF_TIME_USE(1.0),USA,OTH,_T,20.7677211761475,0,D,MN_D,0
OECD.WISE.INE:DSD_TIME_USE@DF_TIME_USE(1.0),BGR,LEI,M,271.274916466791,0,A,MN_D,0
OECD.WISE.INE:DSD_TIME_USE@DF_TIME_USE(1.0),CHN,UPW,M,91,0,D,MN_D,0
OECD.WISE.INE:DSD_TIME_USE@DF_TIME_USE(1.0),HRV,LEI,M,275.609206831455,0,A,MN_D,0
OECD.WISE.INE:DSD_TIME_USE@DF_TIME_USE(1.0),IND,LEI,M,282.643293517576,0,A,MN_D,0
OECD.WISE.INE:DSD_TIME_USE@DF_TIME_USE(1.0),ZAF,PAW,F,195.03345,0,A,MN_D,0
